first_name,last_name,job_title,department,email,address,phone_number,salary,password
Stephanie,Fox,Financial manager,Interpreter,john75@example.com,Josephburgh,+1-730-293-2189x1713,80606,xveZ7rlb
Kyle,Garcia,Medical sales representative,"Designer, blown glass/stained glass",jperez@example.org,Jamesbury,(843)605-7652x64703,29939,VxGRBudm
Drew,Scott,"Surveyor, building",Government social research officer,alexbell@example.com,Amandaport,(275)798-6947,74799,XRjcBK0B
Michael,Cannon,"Engineer, manufacturing systems",Historic buildings inspector/conservation officer,dsmith@example.net,East Samantha,(431)792-4889x759,19037,MFZTjhhj
Zachary,Cooper,Accounting technician,Health and safety inspector,whitejohn@example.com,Jeremyton,(656)270-9081x5492,76737,Gj1mPJkP
Lisa,Yang,"Scientist, research (life sciences)",Set designer,nreed@example.net,Maynardstad,612.402.5984x655,70974,F4e9Fekx
Nathaniel,Stevens,Database administrator,Social worker,johnbrown@example.com,Lesterbury,001-736-642-2658x22255,53635,pZ6EsQWA
Darlene,Lee,Local government officer,Minerals surveyor,nnunez@example.net,Medinaville,+1-332-231-5889,8887,blnQBqQh
Luke,Jackson,Publishing copy,Travel agency manager,daniellegreen@example.net,Vanceburgh,+1-237-889-6180x4080,11494,mkyh7nqi
Christine,Ball,IT trainer,"Development worker, international aid",tthompson@example.net,Michaelton,+1-895-229-6154x5340,26808,kZt8Bdzl
Rebecca,Stanley,"Programmer, multimedia",Diagnostic radiographer,lhorton@example.net,South Karen,(347)998-8844x531,91296,E1mUxwjG
Sandra,Grimes,Pathologist,"Engineer, maintenance",dpierce@example.net,North Christopherbury,359.908.6820x737,26217,CHjzWSgy
John,Phillips,"Presenter, broadcasting",Professor Emeritus,amypalmer@example.com,Lake Lisachester,764.892.5230x57949,10857,A25jRmdL
Julie,Everett,Counselling psychologist,Early years teacher,fmiller@example.org,South Sherishire,+1-253-728-9275,13454,FTz3LFbM
Lisa,Nguyen,Industrial/product designer,Learning mentor,joel92@example.com,East Lisaside,(307)598-5758x38598,18828,TmD9GHg0
Rodney,Keller,"Sales professional, IT",Higher education careers adviser,jowens@example.com,North Susan,+1-863-322-5078,4133,WDTBGY0n
Cody,Stewart,"Designer, exhibition/display",Volunteer coordinator,zachary48@example.net,East Brandonport,+1-507-405-7120x9638,6640,UT0zYuhh
Andrew,Love,Operational investment banker,Geophysical data processor,smithjasmine@example.net,North Kellybury,207.354.3741,67446,ahWG4XwY
Lisa,Tran,"Therapist, sports","Scientist, marine",wsmith@example.com,Cantubury,(645)859-1816,87853,AFei4Jgb
Bradley,Lamb,Print production planner,Social worker,mcook@example.com,Lake Jamesside,465-349-9632x94029,89561,smyC586s
Ricardo,Stewart,Immigration officer,Warehouse manager,bcarter@example.com,West Brandi,(910)936-5412,28839,4lEKcnS8
Michael,Wood,"Development worker, community",Emergency planning/management officer,arodriguez@example.net,East Louischester,(334)687-0542,51415,LDyITErw
Donna,Ross,Economist,Retail merchandiser,gomeztrevor@example.org,Laurenmouth,001-408-283-1154,16661,cC49AzWD
Madeline,Conley,"Producer, television/film/video","Pharmacist, community",roselucas@example.net,Vasquezfort,300.260.4389,97023,GKcOmLlt
Brenda,Fox,Private music teacher,IT technical support officer,adamwarren@example.org,Scottside,223-754-5241x078,28120,Tl0b0mxs
Mario,Tanner,"Secretary, company",Trade mark attorney,asampson@example.org,Lake Jesseview,001-880-822-5402x19409,21329,7gmO832v
Cory,Grant,"Administrator, charities/voluntary organisations","Surveyor, planning and development",jasoncarter@example.org,North Victor,477-551-8645x51342,13233,anqqU6IM
Tanner,Andrews,Civil Service administrator,Chiropractor,phillipfigueroa@example.net,New Eric,927.640.8591,22393,mNvpsb0k
David,Mcgee,"Scientist, research (maths)",Barrister,zhangalejandro@example.com,New Sherrytown,001-785-694-2322x78498,27551,jQVWlXc4
Leslie,Arroyo,Print production planner,Herpetologist,stewartalexandria@example.org,Matthewshire,+1-707-895-8692x04621,71927,H0UD6ZYV
Martin,Fields,Microbiologist,Museum education officer,victorolson@example.net,North Zachary,001-768-859-7441x0356,1704,RVA9IG4W
Mary,Harris,Public relations account executive,Information systems manager,gillcheyenne@example.org,Reginaburgh,(990)413-5741x024,56498,eUBKxae2
Marcus,Mccoy,Exhibition designer,Chemical engineer,mendozaluis@example.net,South Jacqueline,423-817-5350x205,63168,fWEc2dLV
Kenneth,Mcdonald,International aid/development worker,Environmental manager,brettthompson@example.net,Bennettshire,925.557.8079,29784,osAKXhGT
Jeremy,Garcia,Trade mark attorney,Lawyer,amycole@example.org,Barrymouth,001-819-980-5078x055,54077,f4oAVTBf
Patrick,Price,IT trainer,"Engineer, manufacturing",qbaird@example.net,Williamston,737.635.7239x718,32828,moaqhHSy
Luis,Rodriguez,Quarry manager,Mudlogger,mary17@example.com,Jacobmouth,281-332-8182x57549,65053,kwKVPZ7q
Denise,Gardner,Retail buyer,Prison officer,dianafischer@example.net,Anthonystad,001-651-813-2592x58594,28724,VBYFRW0C
Marcus,Richardson,Professor Emeritus,Animal nutritionist,vking@example.com,Robleshaven,386-206-7200x2696,66422,la0TRhfU
Justin,Harvey,Learning mentor,Corporate treasurer,rgross@example.net,West Stephanieview,001-759-208-3954x59569,53842,mRIkWB4R
Matthew,Harrell,Oceanographer,"Production assistant, television",rebeccaturner@example.net,Travisville,(200)716-8588x1318,90529,yYmdEbMX
Jimmy,Daniels,Sales executive,Firefighter,briannanelson@example.com,Cindyland,001-352-515-4048,91072,r2auOWS0
Amber,Johnson,Holiday representative,Quantity surveyor,gregory32@example.com,North Andrew,776-598-5691x123,53672,BDFjGBwj
Melanie,Phillips,"Scientist, forensic",Press sub,marissa16@example.org,Patrickfort,4157470755,77545,qhKQEWHG
Deborah,Lin,Optometrist,Hospital pharmacist,ywalker@example.com,Kellyville,001-364-238-5307x18141,81479,Q7C7m9Ib
Philip,Hudson,Theatre manager,Medical technical officer,kevinclarke@example.com,Barkerville,371-341-2842,74697,7OBzR6Gp
April,Tyler,Private music teacher,"Engineer, production",joel96@example.com,Fergusonmouth,288.819.6979,61221,fuSc3vvA
Emily,Anderson,"Psychotherapist, child","Designer, industrial/product",thomascharles@example.net,Williamsside,745.270.9607x25517,55857,Ix1JEsn1
Nicole,Park,Drilling engineer,Garment/textile technologist,monicapalmer@example.com,Kennethmouth,+1-343-449-0957x32354,12713,KP4knaZs
Christopher,West,Race relations officer,Acupuncturist,allison24@example.org,West Marcus,297-366-8158x74985,13241,bxizpciu
Anthony,Nguyen,Probation officer,Dealer,mendezeric@example.com,Christinaburgh,001-432-756-8297x402,19848,FP0Vck2M
Christy,Wilkins,Dietitian,Stage manager,nmccarthy@example.net,Lambstad,(353)484-0041x60988,88171,rL6tuK70
Michael,Gonzales,IT trainer,Patent examiner,michelle96@example.org,Wheelershire,3385806632,82796,uWscXAo7
Nathan,Green,Counsellor,"Programmer, systems",andersonnoah@example.org,East Teresa,(771)886-2779,67444,oXAKznse
Randall,Davis,Hotel manager,Health service manager,ericberger@example.com,North Cheryl,6572873296,13561,ktHlCcuk
Hannah,Hoover,Electrical engineer,Podiatrist,tgreen@example.net,Cruzborough,576.479.0989,90160,VC7xxC8Y
Stephanie,Lopez,"Exhibitions officer, museum/gallery",Computer games developer,hodgesjohn@example.net,Bautistaview,+1-758-859-4410x956,67237,0qQoe8Cd
Chad,Moreno,Hydrographic surveyor,Aid worker,kelly12@example.com,Bennettburgh,001-787-464-5031x87647,27454,f074iyxI
Michael,Jennings,Database administrator,Economist,jenniferjohnson@example.net,Lake Veronicaview,5678504493,5203,LbLFEmOy
Daniel,Daniel,Dramatherapist,Chiropodist,stefanie95@example.org,New Caitlinview,7999094538,28528,VrjrVDXN
Brittany,Brown,Theatre manager,Advertising account planner,jonathandavis@example.com,Jonesland,(393)996-2535,81894,kmOdfbGB
Kristina,Ewing,Mental health nurse,Sales executive,dthompson@example.net,Diazton,396-349-8051x33613,89919,tr1zDgX9
Daniel,Phillips,Advertising account planner,Print production planner,milescassidy@example.org,North Kaylachester,001-748-412-0255x22639,88867,5fmdXCME
James,Wells,Medical secretary,Television camera operator,stacylopez@example.com,East Kenneth,(522)919-9909x30403,71521,RWgI4aQz
Teresa,Burton,Musician,Acupuncturist,mark23@example.net,Brooketon,(813)827-2649x56423,50009,oa5FY3m6
Nicholas,Parker,"Scientist, biomedical",Management consultant,jacquelinecline@example.org,New Donaldfurt,001-442-586-0114x64932,82543,rCqU12Md
Jerry,Bishop,Operational researcher,"Lighting technician, broadcasting/film/video",ballardchristopher@example.net,West Robert,001-821-417-4537x98842,52786,OklG4ILo
Donald,Cox,Fisheries officer,Musician,scottmanning@example.org,Port Barbarabury,(493)350-4575x5940,84624,tG1OTVFr
Patrick,Dudley,"Engineer, drilling","Social research officer, government",edward49@example.net,East Mark,+1-636-414-0980,65818,2rIr0I2T
Theresa,Roy,Armed forces technical officer,"Therapist, drama",gingram@example.com,Breannashire,(251)474-9488x20015,23207,Ui32xRM4
Nathan,Stewart,Photographer,Archaeologist,michellescott@example.org,Port Jerry,001-445-812-8790x8667,88391,w53jYcKh
Dalton,Hopkins,Set designer,Psychiatric nurse,edward88@example.org,Martinchester,676.618.9378x7900,62274,kiQApb1n
George,Miller,"Psychologist, forensic",Contracting civil engineer,juliansmith@example.org,Alexandrastad,2642899788,55709,cHdy1QV4
Hailey,Robertson,Research scientist (life sciences),Furniture designer,nicholas23@example.com,New Tonya,906.824.0490,13196,WbgeOHv6
Anthony,Martin,Photographer,Amenity horticulturist,ygreen@example.com,West Christopherside,294-473-0129,61766,5FpUmmhY
Michael,Henderson,Legal executive,Farm manager,matthewbolton@example.com,Jacquelineberg,442-327-0625x8351,31075,r6NtPppv
David,Walker,Neurosurgeon,Claims inspector/assessor,lisaallen@example.com,Guerrerochester,223.402.5992,72365,ckJt2SWU
Courtney,Whitaker,Chiropractor,Farm manager,tcarey@example.com,Port Jonathon,+1-667-435-4568x77593,62941,FApKgU76
Robert,Rios,"Programmer, systems",Armed forces logistics/support/administrative officer,martinmatthew@example.net,Joshuaton,001-956-253-4256,56535,y4peoEsh
Ronald,Owens,Contractor,Retail banker,rodriguezwendy@example.org,East Erinville,(315)561-6451,53920,BbpQyPGc
Mitchell,Robinson,Video editor,"Psychologist, clinical",dmurphy@example.org,North Charleston,444-918-6511,70617,XjkUnUPa
Dale,Rodriguez,Speech and language therapist,English as a second language teacher,sarah63@example.org,New Lisaside,+1-356-316-1864x7714,22580,8rLb6tI9
Amanda,Francis,Drilling engineer,Sports development officer,mary13@example.net,South Josephton,850.262.8466x9028,8375,uBAhOxx6
Jennifer,Williams,Hospital pharmacist,Armed forces training and education officer,bethany32@example.org,Lake Gregoryville,829-572-0480x723,58526,9GKhjTQF
Sara,Moore,Paramedic,Environmental education officer,qscott@example.org,Port Brooke,(641)720-2619x181,616,xdys93Tm
Carolyn,Martinez,Ambulance person,Geographical information systems officer,jamesdaniel@example.net,Paulview,+1-602-889-3335,63311,ynCCgAdr
Maria,Garrett,Energy engineer,"Scientist, audiological",jacksolomon@example.net,New Stephaniemouth,993.210.6313x81407,31129,byjHP0BL
Megan,Collins,Data processing manager,Television camera operator,lewiskatelyn@example.net,West Jamesmouth,(386)917-3992x54639,35732,w3jUne4b
Eduardo,Watson,Oceanographer,Toxicologist,josephscott@example.net,South Regina,567-724-1368x15585,89354,teAlk0WA
Ashley,Wood,Museum education officer,"Engineer, structural",adam17@example.net,Robinsonfurt,+1-947-470-9200x50750,74948,wkQF7txL
Vincent,Lynch,Armed forces operational officer,Radio broadcast assistant,michaelwilson@example.net,Port Johnmouth,3152632845,91509,DE81YiQw
Randy,Perkins,Waste management officer,Occupational hygienist,bwilliams@example.org,North Craig,990.468.8657x2155,39909,eJQc9GoI
Brandon,Keller,Academic librarian,"Scientist, clinical (histocompatibility and immunogenetics)",jason22@example.org,Port Devon,911.776.5444,54890,9iERqrot
Jane,Murray,Careers adviser,"Engineer, building services",heather64@example.net,East Christopherborough,(463)582-8554x52034,71120,Cqemt877
Deborah,Smith,Animal technologist,Psychiatric nurse,theresa29@example.net,Donaldchester,+1-386-849-7105,25424,l5dkatR4
Riley,Webster,"Scientist, product/process development",Publishing rights manager,rberry@example.org,Lindabury,281.793.1562,67706,aiMeXHlz
Mark,Smith,Field trials officer,Investment analyst,pwalker@example.org,South Christopher,+1-889-769-3102x7316,99859,d2qYDXz0
Andrew,Holland,Arts administrator,Museum/gallery exhibitions officer,johnsonandrea@example.org,East David,453-637-1923,28056,3mGUvGXA
Richard,Bradshaw,Warden/ranger,Retail manager,owensryan@example.net,Port Kellyfurt,001-547-857-7651x6367,2429,hSvxJqlA
Austin,Shaw,Operational researcher,"Engineer, mining",robinsonwilliam@example.net,Swansonton,(693)217-6157x21777,8900,QEbwusU3
